<GUILayout TemplatesPath="Templates.xml">
  <RootElement Height="768">
    <Image Top="0" Source="Images/Screens/MapLeft.png"/>
    <Image Left="216" Source="Images/Screens/MapRight.png"/>
    <Image Top="224" Left="216" Source="Images/Screens/SidebarRight.png"/>
    <Label Id="#label:Time" Left="350" Top="5" Text="00:00:00" FontStyle="Bold"/>

    <Image Top="224" Width="216" Source="Images/Screens/Sidebar.png">
      <Control Left="10" Top="10">
        <TabButton Tab="tab:Buildings" Width="55" Height="55" ImageTemplate="Buttons/TabBuilding"  IsDown="true"/>
        <TabButton Tab="tab:Wares" Left="70" Width="55" Height="55" ImageTemplate="Buttons/TabWares" />
        <TabButton Tab="tab:Migrants" Left="140" Width="55" Height="55" ImageTemplate="Buttons/TabMigrants"/>

        <Control Top="55">
          <Control Id="#wizard:MainMenu">

            <Control Id="tab:Buildings" IsVisible="true">
              <TabButton Tab="#list:EconomyBuildings" Width="45" Height="40" ImageTemplate="Buttons/TabEcoBuildings" IsDown="true"/>
              <TabButton Tab="#list:FoodBuildings" Left="50" Width="45" Height="40" ImageTemplate="Buttons/TabFoodBuildings"/>
              <TabButton Tab="#list:WarBuildings" Left="100" Width="45" Height="40" ImageTemplate="Buttons/TabWarBuildings" />
              <TabButton Tab="#list:OtherBuildings" Left="150" Width="45" Height="40" ImageTemplate="Buttons/TabOtherBuildings" />

              <ListBox Top="55" Id="#list:EconomyBuildings" Width="190" ItemTemplate="template:BuildingListBoxItem" IsVisible ="true"/>
              <ListBox Top="55" Id="#list:FoodBuildings" Width="190" ItemTemplate="template:BuildingListBoxItem" IsVisible ="false"/>
              <ListBox Top="55" Id="#list:WarBuildings" Width="190" ItemTemplate="template:BuildingListBoxItem" IsVisible ="false"/>
              <ListBox Top="55" Id="#list:OtherBuildings" Width="190" ItemTemplate="template:BuildingListBoxItem" IsVisible ="false"/>
            </Control>

            <Control Id="tab:Wares" IsVisible="false">
              <TabButton Tab="#tab:StockStat" Left="0" Width="45" Height="40" ImageTemplate="Buttons/TabWareStat"/>
              <TabButton Tab="#tab:ToolConfig" Left="50" Width="45" Height="40" ImageTemplate="Buttons/TabWareWar" IsDown="true"/>
              <TabButton Tab="#tab:StockDist" Left="100" Width="45" Height="40" ImageTemplate="Buttons/TabWareWeight"/>

              <Control Id="#tab:StockStat" Top="55" Width="200" IsVisible="false">
                <Label Text="Stock Quantities" FontSize="16" FontIndent="-7" Left="10" />
                <ListBox Top="30" Left="15" Id="#list:StockQuantities" Width="200" ItemTemplate="template:ResourceCountItem"/>
              </Control>

              <Control Id="#tab:ToolConfig" Top="55" Width="200" IsVisible="true">
                <Label Text="Tools And Weapons" FontSize=" 16" FontIndent="-7" Left="10" />
                <ListBox Top="25" Left="10" Id="#list:ToolConfig" Width="190" ItemTemplate="template:ToolConfigItem"/>
              </Control>

              <Control Id="#tab:StockDist" Top="55" Width="200" IsVisible="false">
                <Label Text="Stock Distribution" FontSize="16" FontIndent="-7" Left="10" />
                <ListBox Left="15" Top="30" Id="#list:StockDist" Width="190" ItemTemplate="template:StockDistItem"/>
              </Control>
            </Control>


            <Control Id="tab:Migrants" IsVisible="false">
              <TabButton Tab="#tab:MigrantStatistics" Width="45" Height="40" ImageTemplate="Buttons/TabSetStat" IsDown="true"/>
              <TabButton Tab="#tab:SoldierConfig" Left="50" Width="45" Height="40" ImageTemplate="Buttons/TabSetWar"/>
              <TabButton Tab="#tab:MigrantConfig" Left="100" Width="45" Height="40" ImageTemplate="Buttons/TabSetWeight"/>

              <Control Id="#tab:SoldierConfig" Top="55" Left="10" Width="200" IsVisible="false">
                <Label Text="Soldiers" FontSize="16" FontIndent="-7" Left="50" />
                <Label Text="Moral 54%" FontSize="20" FontIndent="-7" Left="30" Top="20" />
                <Label Text="Divine Upgrade: 99%" FontSize="13" FontIndent="-7" Left="0" Top="70"/>

                <Button Top="90" Left="0" ImageTemplate="Buttons/DivineL3Sword" IsEnabled="false"/>
                <Button Top="90" Left="60" ImageTemplate="Buttons/DivineL3Bow" IsEnabled="false"/>
                <Button Top="90" Left="120" ImageTemplate="Buttons/DivineL3Speer" IsEnabled="false"/>

                <Image Top="150" Left="0" Source="Race/Resources/Sword.png"/>
                <Label Text="Auto Recruting" FontSize="16" FontIndent="-7" Left="40" Top="154" />
              </Control>

              <Control Id="#tab:MigrantConfig" Top="55" Left="10" Width="200" IsVisible="false">
                <Label Text="Migrant Professions" FontSize="16" FontIndent="-7" Left="10" />
                <ListBox Left="0" Top="40" Id="#list:MigrantProfessions" Width="190" ItemTemplate="template:MigrantProfessionItem"/>
              </Control>

              <Control Id="#tab:MigrantStatistics" Top="55" Left="0" Width="200" IsVisible="true">
                <Label Text="Migrant Statistics" FontSize="16" FontIndent="-7" Left="10" />

                <Image Top="25" Left="15" Source="Race/{Race}/MigrantStat/AllMigrants.png"/>
                <Label Left="15" Top="55" Id="#label:HouseSpaceCount" Width="40" Text="900" FontIndent="-7" FontColor="White"/>
                <Image Top="25" Left="55" Source="Race/{Race}/MigrantStat/WorkingMigrants.png"/>
                <Label Left="55" Top="55" Id="#label:MigrantCount" Width="40" Text="0" FontIndent="-7" FontColor="White"/>
                <Image Top="45" Left="90" Source="Race/{Race}/MigrantStat/Arrows.png"/>
                <Label Left="95" Top="30" Id="#label:SoldierMigrantCount" Width="40" Text="980" FontIndent="-7" FontColor="White"/>
                <Image Top="25" Left="140" Source="Race/{Race}/MigrantStat/Soldiers.png"/>
                <Label Left="140" Top="55" Id="#label:SoldierCount" Width="40" Text="0" FontIndent="-7" FontColor="White"/>

                <ListBox Left="0" Top="90" Id="#list:MigrantStats" Width="200" ItemTemplate="template:MigrantStatItem"/>
              </Control>
            </Control>
          </Control>

          <Control Id="#wizard:ObjectInspector" IsVisible="false">
            <Control Top="55" Width="200">
              <Button Id="Btn_BoostPrio" IsToggleable="true" Left="5" Width="30" Heigth="30" ImageTemplate="Buttons/BtnHighPriority" IsVisible="false"/>
              <Button Id="Btn_Produce" IsToggleable="true" Left="40" Width="30" Heigth="30" ImageTemplate="Buttons/BtnProduce" IsVisible="false"/>
              <Button Id="Btn_SetProdRange" Left="75" Width="30" Heigth="30" ImageTemplate="Buttons/BtnSetProductionRange" IsVisible="false"/>
              <Button Id="Btn_SetTarget" Left="75" Width="30" Heigth="30" ImageTemplate="Buttons/BtnDefineWorkArea" IsVisible="false"/>
              <Button Id="Btn_Destroy" Left="160" Width="30" Heigth="30" ImageTemplate="Buttons/BtnDestroyBuilding"/>

              <Label Id="#label:OI_BuildingName" FontSize="18" FontIndent="-7" Left="10" Top ="35"/>
              <Label Id="#label:OI_BuildProgress" FontSize="23" FontIndent="-7" Left="60" Top ="315" Text="0%" FontStyle="Bold"/>

              <Control Id="#ctrl:OI_StackInfo" Top="65">
                <Image Id="#image:OI_BuildingImage" KeepAspectRatio="true" HorizontalAlignment="Center" Width="140" Height="150"/>

                <Control Id="QueryInfo">
                  <Button Left="5" Top="160" Width="30" Heigth="30" ImageTemplate="Buttons/BtnStartTransport"/>
                  <ListBox Left="45" Top="160" Id="#list:OI_ResourceQueries" Width="160" ItemTemplate="template:ResourceStackItem"/>
                </Control>

                <Control Id="ProviderInfo">
                  <Button Left="5" Top="200" Width="30" Heigth="30" ImageTemplate="Buttons/BtnDefineWorkArea"/>
                  <ListBox Left="45" Top="200" Id="#list:OI_ResourceProviders" Width="160" ItemTemplate="template:ResourceStackItem"/>
                </Control>
              </Control>

              <Control Id="#ctrl:OI_MarketInfo" Left="9" Top="70">
                <ListBox Id="#list:OI_MarketResources" Width="200" ItemTemplate="template:MarketResourceItem"/>

                <Control Left="0" Top="210">
                  <Button Top="15" Width="30" Heigth="30" ImageTemplate="Buttons/BtnStartTransport"/>

                  <ListBox Left="55" Top="15" Id="#list:OI_MarketTransports" Width="200" ItemTemplate="template:MarketResourceItem"/>

                  <Image Left="35" Source="Buttons/MarketGroupUp.png"/>
                </Control>
              </Control>
            </Control>
          </Control>
        </Control>
      </Control>
    </Image>
  </RootElement>
</GUILayout>